text,clean_text,without_stopwords,lemmatized
My favourite food is anything I didn't have to cook myself.,my favourite food is anything i didnt have to cook myself,favourite food anything didnt cook,favourite food anything didnt cook
"Now if he does off himself, everyone will think hes having a laugh screwing with people instead of actually dead",now if he does off himself everyone will think hes having a laugh screwing with people instead of actually dead,everyone think hes laugh screwing people instead actually dead,everyone think he laugh screwing people instead actually dead
WHY THE FUCK IS BAYLESS ISOING,why the fuck is bayless isoing,fuck bayless isoing,fuck bayless isoing
To make her feel threatened,to make her feel threatened,make feel threatened,make feel threatened
Dirty Southern Wankers,dirty southern wankers,dirty southern wankers,dirty southern wanker
OmG pEyToN iSn'T gOoD eNoUgH tO hElP uS iN tHe PlAyOfFs! Dumbass Broncos fans circa December 2015.,omg peyton isnt good enough to help us in the playoffs dumbass broncos fans circa december,omg peyton isnt good enough help us playoffs dumbass broncos fans circa december,omg peyton isnt good enough help u playoff dumbass bronco fan circa december
Yes I heard abt the f bombs! That has to be why. Thanks for your reply:) until then hubby and I will anxiously wait 😝,yes i heard abt the f bombs that has to be why thanks for your reply until then hubby and i will anxiously wait 😝,yes heard abt f bombs thanks reply hubby anxiously wait 😝,yes heard abt f bomb thanks reply hubby anxiously wait 😝
We need more boards and to create a bit more space for [NAME]. Then we’ll be good.,we need more boards and to create a bit more space for name then we’ll be good,need boards create bit space name we’ll good,need board create bit space name we’ll good
Damn youtube and outrage drama is super lucrative for reddit,damn youtube and outrage drama is super lucrative for reddit,damn youtube outrage drama super lucrative reddit,damn youtube outrage drama super lucrative reddit
It might be linked to the trust factor of your friend.,it might be linked to the trust factor of your friend,might linked trust factor friend,might linked trust factor friend
Demographics? I don’t know anybody under 35 who has cable tv.,demographics i don’t know anybody under who has cable tv,demographics don’t know anybody cable tv,demographic don’t know anybody cable tv
"Aww... she'll probably come around eventually, I'm sure she was just jealous of [NAME]... I mean, what woman wouldn't be! lol ",aww shell probably come around eventually im sure she was just jealous of name i mean what woman wouldnt be lol,aww shell probably come around eventually im sure jealous name mean woman wouldnt lol,aww shell probably come around eventually im sure jealous name mean woman wouldnt lol
Hello everyone. Im from Toronto as well. Can call and visit in personal if needed.,hello everyone im from toronto as well can call and visit in personal if needed,hello everyone im toronto well call visit personal needed,hello everyone im toronto well call visit personal needed
R/sleeptrain Might be time for some sleep training. Take a look and try to feel out what's right for your family.,rsleeptrain might be time for some sleep training take a look and try to feel out whats right for your family,rsleeptrain might time sleep training take look try feel whats right family,rsleeptrain might time sleep training take look try feel whats right family
"[NAME] - same fucking problem, slightly better command of the English language.",name same fucking problem slightly better command of the english language,name fucking problem slightly better command english language,name fucking problem slightly better command english language
"Shit, I guess I accidentally bought a Pay-Per-View boxing match",shit i guess i accidentally bought a payperview boxing match,shit guess accidentally bought payperview boxing match,shit guess accidentally bought payperview boxing match
Thank you friend,thank you friend,thank friend,thank friend
Fucking coward.,fucking coward,fucking coward,fucking coward
that is what retardation looks like,that is what retardation looks like,retardation looks like,retardation look like
Maybe that’s what happened to the great white at Houston zoo,maybe that’s what happened to the great white at houston zoo,maybe that’s happened great white houston zoo,maybe that’s happened great white houston zoo
"I never thought it was at the same moment, but sometimes after [NAME] sacrifice... sounds logical",i never thought it was at the same moment but sometimes after name sacrifice sounds logical,never thought moment sometimes name sacrifice sounds logical,never thought moment sometimes name sacrifice sound logical
i got a bump and a bald spot. i feel dumb <3,i got a bump and a bald spot i feel dumb,got bump bald spot feel dumb,got bump bald spot feel dumb
You are going to do the dishes now,you are going to do the dishes now,going dishes,going dish
Slowing things down now,slowing things down now,slowing things,slowing thing
His name has already been released. Just can't post it here.,his name has already been released just cant post it here,name already released cant post,name already released cant post
Stupidly stubborn / stubbornly stupid,stupidly stubborn stubbornly stupid,stupidly stubborn stubbornly stupid,stupidly stubborn stubbornly stupid
Mine was apparently [NAME] and the giant peach!,mine was apparently name and the giant peach,mine apparently name giant peach,mine apparently name giant peach
I miss them being alive,i miss them being alive,miss alive,miss alive
"Super, thanks",super thanks,super thanks,super thanks
A new study just came out from China that it's actually too late.,a new study just came out from china that its actually too late,new study came china actually late,new study came china actually late
